{
	"info": {
		"_postman_id": "894972c5-e205-4b0a-b84b-1891154d39b7",
		"name": "ClinicaBack",
		"schema": "https://schema.getpostman.com/json/collection/v2.1.0/collection.json",
		"_exporter_id": "30301439"
	},
	"item": [
		{
			"name": "Create reporte",
			"request": {
				"method": "POST",
				"header": [
					{
						"key": "",
						"value": "",
						"type": "text"
					}
				],
				"body": {
					"mode": "formdata",
					"formdata": [
						{
							"key": "image",
							"type": "file",
							"src": "/C:/Users/ACER/Downloads/images.jpg"
						},
						{
							"key": "floor",
							"value": "1",
							"type": "text"
						},
						{
							"key": "room",
							"value": "321",
							"type": "text"
						},
						{
							"key": "request",
							"value": "sa",
							"type": "text"
						},
						{
							"key": "damageType",
							"value": "dsa",
							"type": "text"
						},
						{
							"key": "diagnosis",
							"value": "a",
							"type": "text"
						},
						{
							"key": "repairDate",
							"value": "",
							"type": "text",
							"disabled": true
						},
						{
							"key": "responsible",
							"value": "s",
							"type": "text"
						}
					]
				},
				"url": {
					"raw": "http://localhost:3000/reportes/create",
					"protocol": "http",
					"host": [
						"localhost"
					],
					"port": "3000",
					"path": [
						"reportes",
						"create"
					]
				}
			},
			"response": []
		},
		{
			"name": "Update status",
			"request": {
				"method": "PUT",
				"header": [],
				"body": {
					"mode": "raw",
					"raw": "{\r\n\r\n    \"newStatus\": \"okey\"\r\n}",
					"options": {
						"raw": {
							"language": "json"
						}
					}
				},
				"url": {
					"raw": "http://localhost:3000/reportes/updateStatus/65a28f5028a04ed8ffa6d564",
					"protocol": "http",
					"host": [
						"localhost"
					],
					"port": "3000",
					"path": [
						"reportes",
						"updateStatus",
						"65a28f5028a04ed8ffa6d564"
					]
				}
			},
			"response": []
		},
		{
			"name": "Obtener listado de habitaicones",
			"request": {
				"method": "GET",
				"header": []
			},
			"response": []
		}
	]
}