[
    {
      "createdAt": "05/01/2021",
      "floor": 5,
      "room": 2,
      "request": "62950000",
      "damageType": "Solicito su amable colaboración con revisión de timbre uci plena 2, quinto piso ya que no esta funcionando.",
      "diagnosis": "Se valida en el servicio y se va a la habitación reportada y no presenta falla.",
      "image": "",
      "completionDate": "07/01/2021",
      "status": "completado"
      
  
    },
    {
      "createdAt": "06/01/2021",
      "floor": 2,
      "room": 39,
      "request": "63004900",
      "damageType": "El motivo de la presente es para reportar sobre que no funciona timbre de la cama 36, 39",
      "diagnosis": "Se revisa y se encuentra desconectado de la base",
      "image": "fotos/02-03.jpeg",
      "completionDate": "12/01/2021",
      "responsible":"marktin Castillo",
      "status": "completado"
  
    }
  ]